ID;Data;Mês;Trimestre;Ano;Plano;Duração;Renovação Automática;Valor (R$);Desconto (%);Valor Final (R$);País;Região;Gênero;Faixa Etária
1;24/01/2023;Janeiro;T1;2023;Xbox Game Pass Core;Mensal;Não;29,9;15;25,41;México;América do Norte;Masculino;25-34
2;03/01/2023;Janeiro;T1;2023;Xbox Game Pass Core;Trimestral;Sim;79,9;0;79,9;México;América do Norte;Feminino;25-34
3;09/10/2024;Outubro;T4;2024;Xbox Game Pass Ultimate;Mensal;Não;54,9;15;46,66;Brasil;América do Sul;Masculino;18-24
4;03/02/2024;Fevereiro;T1;2024;Xbox Game Pass PC;Mensal;Sim;39,9;0;39,9;Chile;América do Sul;Feminino;25-34
5;18/02/2024;Fevereiro;T1;2024;Xbox Game Pass Core;Trimestral;Não;79,9;0;79,9;Argentina;América do Sul;Feminino;18-24
6;03/05/2023;Maio;T2;2023;Xbox Game Pass Ultimate;Anual;Sim;499,9;5;474,9;México;América do Norte;Masculino;25-34
7;09/11/2023;Novembro;T4;2023;Xbox Game Pass Ultimate;Trimestral;Sim;149,9;15;127,42;Brasil;América do Sul;Feminino;18-24
8;21/05/2024;Maio;T2;2024;Xbox Game Pass Ultimate;Mensal;Sim;54,9;20;43,92;Chile;América do Sul;Masculino;18-24
9;09/07/2024;Julho;T3;2024;Xbox Game Pass Core;Anual;Sim;269,9;15;229,41;Brasil;América do Sul;Feminino;25-34
10;09/03/2024;Março;T1;2024;Xbox Game Pass Core;Trimestral;Sim;79,9;15;67,92;Argentina;América do Sul;Feminino;25-34
11;17/03/2023;Março;T1;2023;Xbox Game Pass PC;Anual;Não;359,9;0;359,9;México;América do Norte;Feminino;25-34
12;13/07/2023;Julho;T3;2023;Xbox Game Pass PC;Mensal;Sim;39,9;10;35,91;Colômbia;América do Sul;Masculino;35-44
13;11/11/2024;Novembro;T4;2024;Xbox Game Pass Core;Mensal;Sim;29,9;15;25,41;Colômbia;América do Sul;Masculino;25-34
14;04/09/2023;Setembro;T3;2023;Xbox Game Pass Ultimate;Mensal;Sim;54,9;10;49,41;Brasil;América do Sul;Masculino;18-24
15;11/10/2023;Outubro;T4;2023;Xbox Game Pass PC;Mensal;Sim;39,9;20;31,92;Chile;América do Sul;Masculino;18-24
16;24/02/2023;Fevereiro;T1;2023;Xbox Game Pass PC;Mensal;Não;39,9;20;31,92;Brasil;América do Sul;Feminino;55+
17;17/05/2023;Maio;T2;2023;Xbox Game Pass Ultimate;Mensal;Sim;54,9;10;49,41;Chile;América do Sul;Feminino;35-44
18;21/11/2024;Novembro;T4;2024;Xbox Game Pass PC;Anual;Sim;359,9;0;359,9;Brasil;América do Sul;Masculino;25-34
19;08/10/2023;Outubro;T4;2023;Xbox Game Pass Core;Trimestral;Sim;79,9;0;79,9;Colômbia;América do Sul;Feminino;18-24
20;22/05/2023;Maio;T2;2023;Xbox Game Pass PC;Trimestral;Não;109,9;10;98,91;Argentina;América do Sul;Masculino;25-34
21;04/04/2024;Abril;T2;2024;Xbox Game Pass Core;Mensal;Sim;29,9;5;28,4;Colômbia;América do Sul;Masculino;35-44
22;13/01/2023;Janeiro;T1;2023;Xbox Game Pass Ultimate;Anual;Sim;499,9;0;499,9;Brasil;América do Sul;Masculino;25-34
23;08/08/2024;Agosto;T3;2024;Xbox Game Pass Ultimate;Mensal;Não;54,9;20;43,92;Argentina;América do Sul;Masculino;55+
24;25/02/2023;Fevereiro;T1;2023;Xbox Game Pass Ultimate;Mensal;Sim;54,9;0;54,9;Colômbia;América do Sul;Feminino;18-24
25;09/07/2023;Julho;T3;2023;Xbox Game Pass Ultimate;Anual;Sim;499,9;15;424,91;Peru;América do Sul;Não Informado;25-34
26;07/03/2024;Março;T1;2024;Xbox Game Pass Core;Anual;Sim;269,9;10;242,91;Brasil;América do Sul;Masculino;18-24
27;28/09/2024;Setembro;T3;2024;Xbox Game Pass PC;Mensal;Sim;39,9;20;31,92;Brasil;América do Sul;Feminino;35-44
28;04/07/2023;Julho;T3;2023;Xbox Game Pass Ultimate;Trimestral;Sim;149,9;0;149,9;México;América do Norte;Masculino;25-34
29;07/05/2024;Maio;T2;2024;Xbox Game Pass Ultimate;Mensal;Sim;54,9;0;54,9;México;América do Norte;Masculino;25-34
30;15/01/2023;Janeiro;T1;2023;Xbox Game Pass Ultimate;Trimestral;Sim;149,9;10;134,91;Brasil;América do Sul;Masculino;45-54
31;12/04/2023;Abril;T2;2023;Xbox Game Pass Core;Mensal;Sim;29,9;0;29,9;México;América do Norte;Não Informado;35-44
32;27/11/2023;Novembro;T4;2023;Xbox Game Pass PC;Anual;Sim;359,9;0;359,9;Brasil;América do Sul;Feminino;35-44
33;10/05/2023;Maio;T2;2023;Xbox Game Pass Ultimate;Trimestral;Sim;149,9;15;127,42;Colômbia;América do Sul;Masculino;25-34
34;21/02/2023;Fevereiro;T1;2023;Xbox Game Pass PC;Mensal;Sim;39,9;20;31,92;Brasil;América do Sul;Não Informado;18-24
35;23/09/2024;Setembro;T3;2024;Xbox Game Pass PC;Mensal;Sim;39,9;15;33,91;Colômbia;América do Sul;Masculino;45-54
36;05/07/2023;Julho;T3;2023;Xbox Game Pass Core;Mensal;Não;29,9;20;23,92;Brasil;América do Sul;Masculino;35-44
37;25/06/2023;Junho;T2;2023;Xbox Game Pass PC;Anual;Não;359,9;15;305,91;Brasil;América do Sul;Feminino;45-54
38;01/07/2023;Julho;T3;2023;Xbox Game Pass Core;Anual;Não;269,9;5;256,4;Chile;América do Sul;Feminino;35-44
39;26/03/2024;Março;T1;2024;Xbox Game Pass Ultimate;Mensal;Sim;54,9;5;52,15;Brasil;América do Sul;Feminino;25-34
40;08/04/2024;Abril;T2;2024;Xbox Game Pass Core;Mensal;Sim;29,9;20;23,92;Brasil;América do Sul;Feminino;25-34
41;27/11/2024;Novembro;T4;2024;Xbox Game Pass PC;Anual;Sim;359,9;0;359,9;Brasil;América do Sul;Não Informado;25-34
42;14/10/2023;Outubro;T4;2023;Xbox Game Pass PC;Anual;Sim;359,9;10;323,91;Brasil;América do Sul;Feminino;18-24
43;14/12/2023;Dezembro;T4;2023;Xbox Game Pass Core;Anual;Sim;269,9;15;229,41;Colômbia;América do Sul;Feminino;18-24
44;22/02/2024;Fevereiro;T1;2024;Xbox Game Pass Ultimate;Trimestral;Sim;149,9;0;149,9;México;América do Norte;Masculino;25-34
45;13/06/2024;Junho;T2;2024;Xbox Game Pass Ultimate;Trimestral;Sim;149,9;15;127,42;Colômbia;América do Sul;Feminino;45-54
46;18/07/2024;Julho;T3;2024;Xbox Game Pass Ultimate;Mensal;Sim;54,9;20;43,92;Argentina;América do Sul;Feminino;25-34
47;07/11/2024;Novembro;T4;2024;Xbox Game Pass PC;Anual;Não;359,9;15;305,91;Brasil;América do Sul;Masculino;25-34
48;27/02/2024;Fevereiro;T1;2024;Xbox Game Pass Ultimate;Mensal;Sim;54,9;20;43,92;Brasil;América do Sul;Masculino;18-24
49;28/10/2024;Outubro;T4;2024;Xbox Game Pass Ultimate;Mensal;Não;54,9;10;49,41;Brasil;América do Sul;Feminino;25-34
50;21/03/2023;Março;T1;2023;Xbox Game Pass Ultimate;Anual;Não;499,9;0;499,9;Chile;América do Sul;Masculino;35-44
51;18/01/2024;Janeiro;T1;2024;Xbox Game Pass Core;Anual;Sim;269,9;20;215,92;Argentina;América do Sul;Masculino;25-34
52;20/08/2024;Agosto;T3;2024;Xbox Game Pass Ultimate;Anual;Sim;499,9;10;449,91;Brasil;América do Sul;Masculino;45-54
53;25/05/2024;Maio;T2;2024;Xbox Game Pass Core;Trimestral;Não;79,9;10;71,91;Argentina;América do Sul;Masculino;25-34
54;09/04/2024;Abril;T2;2024;Xbox Game Pass PC;Anual;Sim;359,9;0;359,9;Brasil;América do Sul;Feminino;35-44
55;14/07/2023;Julho;T3;2023;Xbox Game Pass PC;Mensal;Sim;39,9;20;31,92;Brasil;América do Sul;Feminino;25-34
56;13/10/2023;Outubro;T4;2023;Xbox Game Pass PC;Anual;Sim;359,9;5;341,9;Colômbia;América do Sul;Não Informado;25-34
57;08/08/2023;Agosto;T3;2023;Xbox Game Pass Core;Mensal;Sim;29,9;15;25,41;México;América do Norte;Masculino;18-24
58;20/03/2024;Março;T1;2024;Xbox Game Pass PC;Anual;Sim;359,9;15;305,91;Brasil;América do Sul;Feminino;18-24
59;02/03/2024;Março;T1;2024;Xbox Game Pass Core;Mensal;Sim;29,9;0;29,9;Chile;América do Sul;Masculino;35-44
60;27/05/2024;Maio;T2;2024;Xbox Game Pass Core;Mensal;Sim;29,9;0;29,9;Brasil;América do Sul;Masculino;55+
61;08/01/2023;Janeiro;T1;2023;Xbox Game Pass Core;Mensal;Sim;29,9;0;29,9;Argentina;América do Sul;Masculino;55+
62;09/12/2024;Dezembro;T4;2024;Xbox Game Pass Ultimate;Mensal;Sim;54,9;15;46,66;México;América do Norte;Feminino;18-24
63;19/02/2024;Fevereiro;T1;2024;Xbox Game Pass Core;Mensal;Sim;29,9;5;28,4;Brasil;América do Sul;Feminino;18-24
64;23/02/2023;Fevereiro;T1;2023;Xbox Game Pass Ultimate;Anual;Sim;499,9;0;499,9;Chile;América do Sul;Feminino;18-24
65;12/11/2024;Novembro;T4;2024;Xbox Game Pass Core;Trimestral;Sim;79,9;5;75,91;Chile;América do Sul;Masculino;55+
66;05/12/2024;Dezembro;T4;2024;Xbox Game Pass PC;Trimestral;Não;109,9;0;109,9;México;América do Norte;Feminino;35-44
67;27/07/2024;Julho;T3;2024;Xbox Game Pass Ultimate;Mensal;Não;54,9;20;43,92;Colômbia;América do Sul;Masculino;25-34
68;20/10/2024;Outubro;T4;2024;Xbox Game Pass Ultimate;Mensal;Sim;54,9;0;54,9;Brasil;América do Sul;Masculino;35-44
69;20/05/2024;Maio;T2;2024;Xbox Game Pass Ultimate;Mensal;Sim;54,9;0;54,9;Brasil;América do Sul;Feminino;25-34
70;16/12/2023;Dezembro;T4;2023;Xbox Game Pass Ultimate;Mensal;Não;54,9;0;54,9;Brasil;América do Sul;Masculino;18-24
71;18/08/2024;Agosto;T3;2024;Xbox Game Pass PC;Mensal;Não;39,9;0;39,9;Brasil;América do Sul;Masculino;25-34
72;24/02/2023;Fevereiro;T1;2023;Xbox Game Pass Core;Mensal;Sim;29,9;20;23,92;México;América do Norte;Masculino;35-44
73;19/12/2024;Dezembro;T4;2024;Xbox Game Pass Ultimate;Trimestral;Sim;149,9;0;149,9;Chile;América do Sul;Masculino;25-34
74;23/01/2024;Janeiro;T1;2024;Xbox Game Pass PC;Mensal;Não;39,9;10;35,91;Brasil;América do Sul;Feminino;35-44
75;28/02/2024;Fevereiro;T1;2024;Xbox Game Pass Core;Mensal;Sim;29,9;0;29,9;Brasil;América do Sul;Masculino;55+
76;27/02/2024;Fevereiro;T1;2024;Xbox Game Pass Core;Mensal;Sim;29,9;15;25,41;Brasil;América do Sul;Masculino;25-34
77;08/02/2024;Fevereiro;T1;2024;Xbox Game Pass Core;Anual;Sim;269,9;20;215,92;México;América do Norte;Feminino;25-34
78;28/05/2024;Maio;T2;2024;Xbox Game Pass PC;Mensal;Sim;39,9;0;39,9;México;América do Norte;Feminino;55+
79;07/11/2023;Novembro;T4;2023;Xbox Game Pass Core;Mensal;Sim;29,9;10;26,91;Brasil;América do Sul;Masculino;25-34
80;02/05/2024;Maio;T2;2024;Xbox Game Pass Core;Trimestral;Não;79,9;5;75,91;Brasil;América do Sul;Masculino;25-34
81;04/07/2023;Julho;T3;2023;Xbox Game Pass PC;Trimestral;Não;109,9;20;87,92;Brasil;América do Sul;Masculino;35-44
82;04/08/2024;Agosto;T3;2024;Xbox Game Pass PC;Mensal;Sim;39,9;0;39,9;Argentina;América do Sul;Masculino;18-24
83;24/07/2023;Julho;T3;2023;Xbox Game Pass PC;Mensal;Sim;39,9;15;33,91;Chile;América do Sul;Feminino;55+
84;02/10/2024;Outubro;T4;2024;Xbox Game Pass Ultimate;Mensal;Sim;54,9;5;52,15;Colômbia;América do Sul;Masculino;25-34
85;16/02/2024;Fevereiro;T1;2024;Xbox Game Pass PC;Mensal;Sim;39,9;20;31,92;Brasil;América do Sul;Masculino;25-34
86;02/09/2024;Setembro;T3;2024;Xbox Game Pass PC;Mensal;Sim;39,9;20;31,92;Brasil;América do Sul;Masculino;55+
87;02/07/2024;Julho;T3;2024;Xbox Game Pass Core;Mensal;Não;29,9;15;25,41;Brasil;América do Sul;Masculino;25-34
88;15/05/2023;Maio;T2;2023;Xbox Game Pass Ultimate;Mensal;Sim;54,9;15;46,66;México;América do Norte;Masculino;18-24
89;14/09/2023;Setembro;T3;2023;Xbox Game Pass Core;Anual;Não;269,9;5;256,4;Colômbia;América do Sul;Feminino;18-24
90;23/09/2024;Setembro;T3;2024;Xbox Game Pass Core;Anual;Não;269,9;0;269,9;Argentina;América do Sul;Masculino;18-24
91;09/02/2023;Fevereiro;T1;2023;Xbox Game Pass Ultimate;Anual;Sim;499,9;20;399,92;Argentina;América do Sul;Feminino;25-34
92;19/10/2024;Outubro;T4;2024;Xbox Game Pass Ultimate;Mensal;Sim;54,9;10;49,41;Argentina;América do Sul;Masculino;35-44
93;11/08/2024;Agosto;T3;2024;Xbox Game Pass Ultimate;Anual;Sim;499,9;5;474,9;Brasil;América do Sul;Feminino;18-24
94;26/12/2024;Dezembro;T4;2024;Xbox Game Pass PC;Anual;Não;359,9;15;305,91;Peru;América do Sul;Masculino;18-24
95;28/02/2024;Fevereiro;T1;2024;Xbox Game Pass Ultimate;Mensal;Não;54,9;0;54,9;México;América do Norte;Masculino;35-44
96;16/02/2023;Fevereiro;T1;2023;Xbox Game Pass Ultimate;Mensal;Sim;54,9;5;52,15;México;América do Norte;Feminino;45-54
97;21/06/2024;Junho;T2;2024;Xbox Game Pass Ultimate;Anual;Não;499,9;0;499,9;México;América do Norte;Masculino;35-44
98;24/04/2024;Abril;T2;2024;Xbox Game Pass Core;Anual;Não;269,9;15;229,41;Colômbia;América do Sul;Masculino;35-44
99;11/01/2023;Janeiro;T1;2023;Xbox Game Pass Ultimate;Mensal;Sim;54,9;0;54,9;Brasil;América do Sul;Masculino;35-44
100;06/03/2023;Março;T1;2023;Xbox Game Pass Core;Anual;Sim;269,9;0;269,9;Argentina;América do Sul;Feminino;18-24
101;09/08/2024;Agosto;T3;2024;Xbox Game Pass Ultimate;Anual;Sim;499,9;0;499,9;México;América do Norte;Masculino;25-34
102;10/10/2024;Outubro;T4;2024;Xbox Game Pass Ultimate;Mensal;Sim;54,9;20;43,92;Brasil;América do Sul;Não Informado;45-54
103;13/04/2023;Abril;T2;2023;Xbox Game Pass PC;Trimestral;Não;109,9;0;109,9;Brasil;América do Sul;Feminino;25-34
104;28/10/2023;Outubro;T4;2023;Xbox Game Pass Ultimate;Trimestral;Sim;149,9;10;134,91;México;América do Norte;Feminino;45-54
105;26/10/2023;Outubro;T4;2023;Xbox Game Pass PC;Trimestral;Sim;109,9;15;93,42;Chile;América do Sul;Feminino;35-44
106;04/11/2023;Novembro;T4;2023;Xbox Game Pass Ultimate;Trimestral;Sim;149,9;5;142,41;Brasil;América do Sul;Masculino;18-24
107;24/06/2024;Junho;T2;2024;Xbox Game Pass PC;Mensal;Não;39,9;0;39,9;Argentina;América do Sul;Feminino;45-54
108;26/08/2024;Agosto;T3;2024;Xbox Game Pass Core;Anual;Não;269,9;5;256,4;Peru;América do Sul;Masculino;55+
109;12/09/2024;Setembro;T3;2024;Xbox Game Pass Core;Mensal;Sim;29,9;0;29,9;Argentina;América do Sul;Feminino;35-44
110;12/11/2024;Novembro;T4;2024;Xbox Game Pass Core;Mensal;Sim;29,9;10;26,91;Brasil;América do Sul;Feminino;35-44
111;10/12/2024;Dezembro;T4;2024;Xbox Game Pass Ultimate;Mensal;Sim;54,9;0;54,9;Brasil;América do Sul;Masculino;18-24
112;15/07/2023;Julho;T3;2023;Xbox Game Pass PC;Anual;Sim;359,9;10;323,91;Brasil;América do Sul;Feminino;18-24
113;04/11/2024;Novembro;T4;2024;Xbox Game Pass Ultimate;Trimestral;Não;149,9;0;149,9;Brasil;América do Sul;Masculino;25-34
114;04/06/2023;Junho;T2;2023;Xbox Game Pass Ultimate;Mensal;Não;54,9;15;46,66;Brasil;América do Sul;Masculino;18-24
115;03/08/2023;Agosto;T3;2023;Xbox Game Pass Ultimate;Trimestral;Sim;149,9;0;149,9;Brasil;América do Sul;Masculino;55+
116;27/02/2023;Fevereiro;T1;2023;Xbox Game Pass Ultimate;Mensal;Sim;54,9;20;43,92;Brasil;América do Sul;Feminino;35-44
117;28/05/2023;Maio;T2;2023;Xbox Game Pass Ultimate;Anual;Sim;499,9;20;399,92;Brasil;América do Sul;Feminino;18-24
118;26/06/2023;Junho;T2;2023;Xbox Game Pass Ultimate;Trimestral;Sim;149,9;0;149,9;Brasil;América do Sul;Feminino;25-34
119;15/08/2023;Agosto;T3;2023;Xbox Game Pass Ultimate;Trimestral;Sim;149,9;10;134,91;Brasil;América do Sul;Feminino;35-44
120;21/08/2024;Agosto;T3;2024;Xbox Game Pass Ultimate;Mensal;Sim;54,9;5;52,15;Brasil;América do Sul;Masculino;35-44
121;03/02/2024;Fevereiro;T1;2024;Xbox Game Pass PC;Mensal;Sim;39,9;10;35,91;México;América do Norte;Masculino;25-34
122;17/08/2024;Agosto;T3;2024;Xbox Game Pass Ultimate;Mensal;Não;54,9;20;43,92;México;América do Norte;Feminino;25-34
123;15/07/2023;Julho;T3;2023;Xbox Game Pass Ultimate;Mensal;Não;54,9;5;52,15;Brasil;América do Sul;Masculino;25-34
124;05/06/2024;Junho;T2;2024;Xbox Game Pass Ultimate;Mensal;Sim;54,9;0;54,9;Brasil;América do Sul;Masculino;35-44
125;02/09/2023;Setembro;T3;2023;Xbox Game Pass PC;Trimestral;Sim;109,9;0;109,9;Brasil;América do Sul;Feminino;55+
126;02/12/2024;Dezembro;T4;2024;Xbox Game Pass Ultimate;Trimestral;Sim;149,9;10;134,91;Argentina;América do Sul;Masculino;25-34
127;28/06/2023;Junho;T2;2023;Xbox Game Pass PC;Mensal;Sim;39,9;0;39,9;Chile;América do Sul;Feminino;55+
128;22/10/2023;Outubro;T4;2023;Xbox Game Pass Ultimate;Mensal;Sim;54,9;15;46,66;Chile;América do Sul;Feminino;25-34
129;19/03/2023;Março;T1;2023;Xbox Game Pass Ultimate;Mensal;Não;54,9;0;54,9;Brasil;América do Sul;Masculino;25-34
130;06/06/2024;Junho;T2;2024;Xbox Game Pass PC;Trimestral;Não;109,9;10;98,91;Argentina;América do Sul;Feminino;18-24
131;03/11/2023;Novembro;T4;2023;Xbox Game Pass Core;Trimestral;Sim;79,9;5;75,91;Brasil;América do Sul;Masculino;25-34
132;04/07/2024;Julho;T3;2024;Xbox Game Pass Core;Trimestral;Sim;79,9;15;67,92;Brasil;América do Sul;Masculino;55+
133;07/01/2023;Janeiro;T1;2023;Xbox Game Pass PC;Mensal;Sim;39,9;0;39,9;Brasil;América do Sul;Masculino;25-34
134;05/03/2024;Março;T1;2024;Xbox Game Pass PC;Trimestral;Sim;109,9;20;87,92;México;América do Norte;Masculino;25-34
135;01/07/2023;Julho;T3;2023;Xbox Game Pass PC;Mensal;Sim;39,9;5;37,9;Argentina;América do Sul;Feminino;25-34
136;01/07/2023;Julho;T3;2023;Xbox Game Pass Ultimate;Mensal;Não;54,9;5;52,15;Chile;América do Sul;Feminino;18-24
137;14/04/2023;Abril;T2;2023;Xbox Game Pass PC;Trimestral;Sim;109,9;0;109,9;México;América do Norte;Masculino;35-44
138;21/09/2023;Setembro;T3;2023;Xbox Game Pass Core;Trimestral;Não;79,9;0;79,9;Brasil;América do Sul;Não Informado;35-44
139;04/04/2023;Abril;T2;2023;Xbox Game Pass Core;Mensal;Sim;29,9;20;23,92;Chile;América do Sul;Masculino;55+
140;25/08/2024;Agosto;T3;2024;Xbox Game Pass PC;Trimestral;Sim;109,9;10;98,91;México;América do Norte;Não Informado;25-34
141;15/03/2024;Março;T1;2024;Xbox Game Pass Core;Mensal;Sim;29,9;0;29,9;Argentina;América do Sul;Masculino;18-24
142;02/08/2024;Agosto;T3;2024;Xbox Game Pass Core;Anual;Sim;269,9;20;215,92;Peru;América do Sul;Masculino;25-34
143;19/08/2024;Agosto;T3;2024;Xbox Game Pass PC;Anual;Não;359,9;5;341,9;Colômbia;América do Sul;Feminino;18-24
144;05/09/2024;Setembro;T3;2024;Xbox Game Pass Ultimate;Mensal;Não;54,9;20;43,92;Brasil;América do Sul;Feminino;25-34
145;08/01/2023;Janeiro;T1;2023;Xbox Game Pass Ultimate;Anual;Sim;499,9;10;449,91;Brasil;América do Sul;Masculino;25-34
146;22/06/2024;Junho;T2;2024;Xbox Game Pass PC;Anual;Sim;359,9;0;359,9;Brasil;América do Sul;Feminino;25-34
147;28/12/2024;Dezembro;T4;2024;Xbox Game Pass Ultimate;Anual;Não;499,9;0;499,9;Brasil;América do Sul;Feminino;45-54
148;23/11/2024;Novembro;T4;2024;Xbox Game Pass Ultimate;Mensal;Não;54,9;0;54,9;Brasil;América do Sul;Masculino;35-44
149;23/11/2023;Novembro;T4;2023;Xbox Game Pass Ultimate;Trimestral;Sim;149,9;10;134,91;Brasil;América do Sul;Feminino;25-34
150;10/06/2023;Junho;T2;2023;Xbox Game Pass Core;Mensal;Não;29,9;5;28,4;Brasil;América do Sul;Não Informado;18-24
151;17/02/2024;Fevereiro;T1;2024;Xbox Game Pass Ultimate;Anual;Não;499,9;0;499,9;México;América do Norte;Feminino;35-44
152;06/03/2024;Março;T1;2024;Xbox Game Pass Core;Trimestral;Sim;79,9;0;79,9;México;América do Norte;Masculino;25-34
153;20/08/2023;Agosto;T3;2023;Xbox Game Pass Core;Trimestral;Sim;79,9;10;71,91;Brasil;América do Sul;Não Informado;35-44
154;22/06/2023;Junho;T2;2023;Xbox Game Pass Ultimate;Anual;Sim;499,9;0;499,9;Chile;América do Sul;Masculino;25-34
155;26/04/2023;Abril;T2;2023;Xbox Game Pass Ultimate;Anual;Sim;499,9;5;474,9;Colômbia;América do Sul;Feminino;18-24
156;03/05/2023;Maio;T2;2023;Xbox Game Pass Ultimate;Mensal;Não;54,9;0;54,9;Chile;América do Sul;Masculino;45-54
157;01/06/2024;Junho;T2;2024;Xbox Game Pass PC;Mensal;Sim;39,9;5;37,9;Peru;América do Sul;Masculino;18-24
158;21/12/2023;Dezembro;T4;2023;Xbox Game Pass PC;Mensal;Sim;39,9;20;31,92;Argentina;América do Sul;Feminino;35-44
159;20/08/2024;Agosto;T3;2024;Xbox Game Pass Core;Mensal;Sim;29,9;20;23,92;Brasil;América do Sul;Feminino;35-44
160;25/02/2024;Fevereiro;T1;2024;Xbox Game Pass Core;Mensal;Sim;29,9;5;28,4;México;América do Norte;Feminino;18-24
161;18/10/2024;Outubro;T4;2024;Xbox Game Pass Core;Trimestral;Sim;79,9;0;79,9;Brasil;América do Sul;Masculino;25-34
162;22/03/2024;Março;T1;2024;Xbox Game Pass Ultimate;Trimestral;Sim;149,9;10;134,91;Argentina;América do Sul;Feminino;25-34
163;28/07/2023;Julho;T3;2023;Xbox Game Pass PC;Trimestral;Não;109,9;0;109,9;México;América do Norte;Masculino;18-24
164;22/12/2023;Dezembro;T4;2023;Xbox Game Pass Ultimate;Anual;Não;499,9;0;499,9;Brasil;América do Sul;Masculino;25-34
165;15/11/2023;Novembro;T4;2023;Xbox Game Pass Ultimate;Mensal;Sim;54,9;0;54,9;Brasil;América do Sul;Feminino;25-34
166;02/04/2024;Abril;T2;2024;Xbox Game Pass Ultimate;Anual;Sim;499,9;0;499,9;Argentina;América do Sul;Não Informado;25-34
167;25/01/2024;Janeiro;T1;2024;Xbox Game Pass Ultimate;Mensal;Não;54,9;0;54,9;Colômbia;América do Sul;Masculino;18-24
168;13/07/2024;Julho;T3;2024;Xbox Game Pass Ultimate;Anual;Sim;499,9;0;499,9;Argentina;América do Sul;Masculino;45-54
169;24/02/2024;Fevereiro;T1;2024;Xbox Game Pass PC;Mensal;Não;39,9;0;39,9;Argentina;América do Sul;Masculino;18-24
170;15/05/2024;Maio;T2;2024;Xbox Game Pass Ultimate;Mensal;Sim;54,9;0;54,9;Brasil;América do Sul;Feminino;45-54
171;21/05/2024;Maio;T2;2024;Xbox Game Pass Ultimate;Anual;Sim;499,9;15;424,91;Brasil;América do Sul;Masculino;35-44
172;05/01/2023;Janeiro;T1;2023;Xbox Game Pass Ultimate;Trimestral;Sim;149,9;0;149,9;Brasil;América do Sul;Feminino;25-34
173;02/10/2024;Outubro;T4;2024;Xbox Game Pass Ultimate;Trimestral;Não;149,9;0;149,9;Brasil;América do Sul;Masculino;18-24
174;11/07/2024;Julho;T3;2024;Xbox Game Pass Ultimate;Mensal;Sim;54,9;15;46,66;Brasil;América do Sul;Masculino;45-54
175;25/05/2023;Maio;T2;2023;Xbox Game Pass Core;Mensal;Não;29,9;0;29,9;México;América do Norte;Não Informado;18-24
176;15/02/2023;Fevereiro;T1;2023;Xbox Game Pass Core;Trimestral;Não;79,9;20;63,92;México;América do Norte;Feminino;25-34
177;03/12/2024;Dezembro;T4;2024;Xbox Game Pass PC;Mensal;Sim;39,9;0;39,9;México;América do Norte;Feminino;35-44
178;08/09/2024;Setembro;T3;2024;Xbox Game Pass Core;Mensal;Sim;29,9;20;23,92;Argentina;América do Sul;Masculino;25-34
179;05/09/2024;Setembro;T3;2024;Xbox Game Pass Ultimate;Mensal;Sim;54,9;15;46,66;México;América do Norte;Masculino;35-44
180;11/03/2023;Março;T1;2023;Xbox Game Pass Ultimate;Mensal;Sim;54,9;0;54,9;Brasil;América do Sul;Feminino;25-34
181;14/03/2023;Março;T1;2023;Xbox Game Pass PC;Anual;Não;359,9;10;323,91;Brasil;América do Sul;Masculino;25-34
182;17/06/2023;Junho;T2;2023;Xbox Game Pass Ultimate;Anual;Sim;499,9;15;424,91;Peru;América do Sul;Masculino;35-44
183;21/09/2023;Setembro;T3;2023;Xbox Game Pass Core;Anual;Sim;269,9;15;229,41;México;América do Norte;Feminino;25-34
184;03/01/2023;Janeiro;T1;2023;Xbox Game Pass Core;Trimestral;Sim;79,9;15;67,92;Brasil;América do Sul;Feminino;35-44
185;21/08/2023;Agosto;T3;2023;Xbox Game Pass PC;Trimestral;Sim;109,9;0;109,9;Chile;América do Sul;Feminino;25-34
186;02/12/2023;Dezembro;T4;2023;Xbox Game Pass Core;Mensal;Sim;29,9;0;29,9;México;América do Norte;Masculino;35-44
187;05/07/2024;Julho;T3;2024;Xbox Game Pass Ultimate;Trimestral;Sim;149,9;0;149,9;Argentina;América do Sul;Masculino;18-24
188;10/01/2023;Janeiro;T1;2023;Xbox Game Pass Ultimate;Anual;Sim;499,9;20;399,92;Colômbia;América do Sul;Feminino;45-54
189;25/04/2024;Abril;T2;2024;Xbox Game Pass Core;Anual;Sim;269,9;0;269,9;Argentina;América do Sul;Masculino;25-34
190;07/04/2024;Abril;T2;2024;Xbox Game Pass PC;Mensal;Sim;39,9;10;35,91;Colômbia;América do Sul;Feminino;25-34
191;14/02/2023;Fevereiro;T1;2023;Xbox Game Pass Core;Mensal;Sim;29,9;5;28,4;Brasil;América do Sul;Masculino;25-34
192;18/06/2023;Junho;T2;2023;Xbox Game Pass Core;Mensal;Sim;29,9;10;26,91;Brasil;América do Sul;Não Informado;35-44
193;04/03/2023;Março;T1;2023;Xbox Game Pass PC;Anual;Sim;359,9;0;359,9;Chile;América do Sul;Masculino;25-34
194;02/01/2023;Janeiro;T1;2023;Xbox Game Pass Core;Mensal;Sim;29,9;5;28,4;Brasil;América do Sul;Feminino;18-24
195;13/03/2024;Março;T1;2024;Xbox Game Pass Ultimate;Trimestral;Sim;149,9;0;149,9;Argentina;América do Sul;Masculino;25-34
196;27/08/2024;Agosto;T3;2024;Xbox Game Pass Core;Mensal;Sim;29,9;5;28,4;Argentina;América do Sul;Feminino;35-44
197;16/10/2023;Outubro;T4;2023;Xbox Game Pass Core;Trimestral;Não;79,9;10;71,91;Argentina;América do Sul;Feminino;25-34
198;21/09/2023;Setembro;T3;2023;Xbox Game Pass Ultimate;Anual;Sim;499,9;20;399,92;México;América do Norte;Masculino;55+
199;01/04/2023;Abril;T2;2023;Xbox Game Pass PC;Mensal;Sim;39,9;0;39,9;Brasil;América do Sul;Feminino;45-54
200;05/12/2023;Dezembro;T4;2023;Xbox Game Pass PC;Trimestral;Não;109,9;5;104,41;Argentina;América do Sul;Masculino;18-24
201;12/09/2024;Setembro;T3;2024;Xbox Game Pass Ultimate;Anual;Sim;499,9;20;399,92;México;América do Norte;Feminino;18-24
202;18/05/2023;Maio;T2;2023;Xbox Game Pass Core;Anual;Não;269,9;20;215,92;Brasil;América do Sul;Masculino;35-44
203;12/08/2024;Agosto;T3;2024;Xbox Game Pass PC;Anual;Não;359,9;0;359,9;Brasil;América do Sul;Feminino;25-34
204;25/06/2024;Junho;T2;2024;Xbox Game Pass Ultimate;Mensal;Sim;54,9;15;46,66;Brasil;América do Sul;Feminino;35-44
205;07/04/2024;Abril;T2;2024;Xbox Game Pass Ultimate;Mensal;Sim;54,9;0;54,9;Brasil;América do Sul;Feminino;25-34
206;22/01/2023;Janeiro;T1;2023;Xbox Game Pass Ultimate;Mensal;Sim;54,9;0;54,9;Brasil;América do Sul;Feminino;18-24
207;18/01/2023;Janeiro;T1;2023;Xbox Game Pass Ultimate;Mensal;Sim;54,9;5;52,15;Argentina;América do Sul;Masculino;55+
208;21/05/2024;Maio;T2;2024;Xbox Game Pass Core;Anual;Sim;269,9;0;269,9;Argentina;América do Sul;Feminino;45-54
209;27/07/2023;Julho;T3;2023;Xbox Game Pass Core;Anual;Não;269,9;5;256,4;Chile;América do Sul;Masculino;35-44
210;01/01/2024;Janeiro;T1;2024;Xbox Game Pass Core;Trimestral;Não;79,9;0;79,9;Brasil;América do Sul;Não Informado;25-34
211;28/03/2024;Março;T1;2024;Xbox Game Pass PC;Mensal;Não;39,9;0;39,9;Brasil;América do Sul;Masculino;25-34
212;24/01/2023;Janeiro;T1;2023;Xbox Game Pass PC;Mensal;Sim;39,9;0;39,9;Brasil;América do Sul;Feminino;45-54
213;11/09/2024;Setembro;T3;2024;Xbox Game Pass Core;Trimestral;Sim;79,9;0;79,9;Argentina;América do Sul;Feminino;18-24
214;15/04/2024;Abril;T2;2024;Xbox Game Pass Ultimate;Anual;Sim;499,9;15;424,91;Argentina;América do Sul;Masculino;25-34
215;22/01/2023;Janeiro;T1;2023;Xbox Game Pass Core;Mensal;Sim;29,9;10;26,91;Colômbia;América do Sul;Feminino;35-44
216;10/11/2023;Novembro;T4;2023;Xbox Game Pass PC;Mensal;Não;39,9;5;37,9;Brasil;América do Sul;Feminino;35-44
217;18/12/2024;Dezembro;T4;2024;Xbox Game Pass Ultimate;Anual;Não;499,9;20;399,92;Brasil;América do Sul;Masculino;35-44
218;15/09/2023;Setembro;T3;2023;Xbox Game Pass PC;Mensal;Não;39,9;0;39,9;Brasil;América do Sul;Masculino;25-34
219;11/03/2023;Março;T1;2023;Xbox Game Pass Ultimate;Mensal;Sim;54,9;15;46,66;Argentina;América do Sul;Masculino;25-34
220;05/08/2023;Agosto;T3;2023;Xbox Game Pass PC;Mensal;Sim;39,9;5;37,9;México;América do Norte;Masculino;18-24
221;24/01/2024;Janeiro;T1;2024;Xbox Game Pass Core;Mensal;Sim;29,9;15;25,41;Brasil;América do Sul;Não Informado;45-54
222;02/08/2023;Agosto;T3;2023;Xbox Game Pass Core;Mensal;Sim;29,9;15;25,41;Peru;América do Sul;Feminino;25-34
223;28/08/2024;Agosto;T3;2024;Xbox Game Pass Ultimate;Mensal;Sim;54,9;15;46,66;Colômbia;América do Sul;Masculino;45-54
224;18/03/2023;Março;T1;2023;Xbox Game Pass PC;Mensal;Não;39,9;20;31,92;Brasil;América do Sul;Masculino;25-34
225;13/09/2024;Setembro;T3;2024;Xbox Game Pass Ultimate;Mensal;Sim;54,9;0;54,9;Brasil;América do Sul;Feminino;35-44
226;14/11/2023;Novembro;T4;2023;Xbox Game Pass Ultimate;Anual;Não;499,9;0;499,9;Brasil;América do Sul;Masculino;18-24
227;24/04/2023;Abril;T2;2023;Xbox Game Pass Core;Mensal;Sim;29,9;20;23,92;Colômbia;América do Sul;Masculino;25-34
228;27/04/2024;Abril;T2;2024;Xbox Game Pass Ultimate;Trimestral;Sim;149,9;20;119,92;México;América do Norte;Masculino;25-34
229;17/11/2023;Novembro;T4;2023;Xbox Game Pass Core;Mensal;Sim;29,9;10;26,91;Colômbia;América do Sul;Feminino;35-44
230;16/09/2024;Setembro;T3;2024;Xbox Game Pass Core;Mensal;Sim;29,9;5;28,4;Chile;América do Sul;Masculino;25-34
231;13/05/2023;Maio;T2;2023;Xbox Game Pass Core;Trimestral;Sim;79,9;0;79,9;Brasil;América do Sul;Feminino;35-44
232;14/09/2023;Setembro;T3;2023;Xbox Game Pass Ultimate;Trimestral;Sim;149,9;0;149,9;Brasil;América do Sul;Masculino;18-24
233;03/06/2024;Junho;T2;2024;Xbox Game Pass PC;Anual;Sim;359,9;5;341,9;México;América do Norte;Feminino;45-54
234;24/10/2023;Outubro;T4;2023;Xbox Game Pass Ultimate;Mensal;Sim;54,9;0;54,9;Brasil;América do Sul;Feminino;18-24
235;04/12/2023;Dezembro;T4;2023;Xbox Game Pass Ultimate;Anual;Não;499,9;15;424,91;México;América do Norte;Masculino;45-54
236;13/05/2024;Maio;T2;2024;Xbox Game Pass PC;Trimestral;Sim;109,9;0;109,9;Argentina;América do Sul;Masculino;18-24
237;07/06/2024;Junho;T2;2024;Xbox Game Pass PC;Mensal;Sim;39,9;0;39,9;México;América do Norte;Masculino;25-34
238;05/05/2024;Maio;T2;2024;Xbox Game Pass Core;Mensal;Sim;29,9;0;29,9;Argentina;América do Sul;Feminino;35-44
239;24/08/2024;Agosto;T3;2024;Xbox Game Pass Ultimate;Mensal;Sim;54,9;20;43,92;Brasil;América do Sul;Masculino;25-34
240;21/09/2023;Setembro;T3;2023;Xbox Game Pass Ultimate;Trimestral;Não;149,9;0;149,9;Colômbia;América do Sul;Feminino;35-44
241;27/03/2024;Março;T1;2024;Xbox Game Pass Ultimate;Mensal;Sim;54,9;0;54,9;Argentina;América do Sul;Masculino;35-44
242;16/11/2024;Novembro;T4;2024;Xbox Game Pass Core;Trimestral;Sim;79,9;0;79,9;Argentina;América do Sul;Masculino;55+
243;27/09/2023;Setembro;T3;2023;Xbox Game Pass Ultimate;Mensal;Não;54,9;0;54,9;Brasil;América do Sul;Masculino;18-24
244;17/10/2023;Outubro;T4;2023;Xbox Game Pass Core;Mensal;Não;29,9;0;29,9;Brasil;América do Sul;Masculino;25-34
245;22/05/2023;Maio;T2;2023;Xbox Game Pass Ultimate;Mensal;Não;54,9;15;46,66;Chile;América do Sul;Masculino;25-34
246;21/01/2024;Janeiro;T1;2024;Xbox Game Pass Core;Mensal;Sim;29,9;5;28,4;México;América do Norte;Masculino;55+
247;02/09/2023;Setembro;T3;2023;Xbox Game Pass Core;Anual;Sim;269,9;10;242,91;Argentina;América do Sul;Masculino;18-24
248;19/09/2024;Setembro;T3;2024;Xbox Game Pass Ultimate;Mensal;Não;54,9;0;54,9;Peru;América do Sul;Feminino;35-44
249;10/02/2024;Fevereiro;T1;2024;Xbox Game Pass Core;Mensal;Não;29,9;5;28,4;México;América do Norte;Masculino;25-34
250;24/12/2023;Dezembro;T4;2023;Xbox Game Pass Core;Trimestral;Sim;79,9;0;79,9;Brasil;América do Sul;Feminino;25-34
251;01/06/2024;Junho;T2;2024;Xbox Game Pass Ultimate;Anual;Sim;499,9;0;499,9;Brasil;América do Sul;Feminino;25-34
252;25/02/2024;Fevereiro;T1;2024;Xbox Game Pass Ultimate;Anual;Não;499,9;0;499,9;Brasil;América do Sul;Masculino;35-44
253;13/12/2023;Dezembro;T4;2023;Xbox Game Pass PC;Mensal;Sim;39,9;0;39,9;Brasil;América do Sul;Feminino;18-24
254;14/03/2023;Março;T1;2023;Xbox Game Pass PC;Trimestral;Sim;109,9;0;109,9;Brasil;América do Sul;Feminino;25-34
255;01/07/2024;Julho;T3;2024;Xbox Game Pass Core;Mensal;Sim;29,9;10;26,91;Colômbia;América do Sul;Não Informado;25-34
256;13/11/2023;Novembro;T4;2023;Xbox Game Pass Core;Mensal;Sim;29,9;0;29,9;Brasil;América do Sul;Masculino;25-34
257;12/02/2024;Fevereiro;T1;2024;Xbox Game Pass Core;Mensal;Sim;29,9;10;26,91;México;América do Norte;Masculino;18-24
258;11/07/2023;Julho;T3;2023;Xbox Game Pass Ultimate;Mensal;Não;54,9;5;52,15;Brasil;América do Sul;Feminino;45-54
259;11/05/2023;Maio;T2;2023;Xbox Game Pass Ultimate;Trimestral;Sim;149,9;0;149,9;Peru;América do Sul;Não Informado;25-34
260;26/10/2024;Outubro;T4;2024;Xbox Game Pass Core;Mensal;Não;29,9;5;28,4;Brasil;América do Sul;Feminino;18-24
261;25/11/2023;Novembro;T4;2023;Xbox Game Pass PC;Anual;Sim;359,9;15;305,91;Brasil;América do Sul;Feminino;45-54
262;22/07/2023;Julho;T3;2023;Xbox Game Pass PC;Trimestral;Sim;109,9;15;93,42;Brasil;América do Sul;Masculino;25-34
263;16/10/2024;Outubro;T4;2024;Xbox Game Pass PC;Trimestral;Não;109,9;20;87,92;México;América do Norte;Masculino;35-44
264;26/12/2024;Dezembro;T4;2024;Xbox Game Pass PC;Trimestral;Sim;109,9;20;87,92;Brasil;América do Sul;Feminino;18-24
265;21/10/2023;Outubro;T4;2023;Xbox Game Pass Ultimate;Mensal;Não;54,9;20;43,92;Brasil;América do Sul;Masculino;25-34
266;12/08/2023;Agosto;T3;2023;Xbox Game Pass PC;Anual;Sim;359,9;10;323,91;Brasil;América do Sul;Não Informado;25-34
267;03/07/2024;Julho;T3;2024;Xbox Game Pass Core;Anual;Sim;269,9;0;269,9;Brasil;América do Sul;Feminino;25-34
268;04/08/2024;Agosto;T3;2024;Xbox Game Pass PC;Trimestral;Sim;109,9;0;109,9;Brasil;América do Sul;Feminino;18-24
269;04/11/2024;Novembro;T4;2024;Xbox Game Pass Ultimate;Mensal;Não;54,9;0;54,9;Argentina;América do Sul;Feminino;25-34
270;08/08/2024;Agosto;T3;2024;Xbox Game Pass Ultimate;Trimestral;Sim;149,9;15;127,42;Brasil;América do Sul;Masculino;35-44
271;19/08/2023;Agosto;T3;2023;Xbox Game Pass PC;Mensal;Sim;39,9;0;39,9;Chile;América do Sul;Feminino;18-24
272;06/09/2023;Setembro;T3;2023;Xbox Game Pass PC;Mensal;Sim;39,9;15;33,91;Colômbia;América do Sul;Masculino;35-44
273;13/10/2024;Outubro;T4;2024;Xbox Game Pass PC;Mensal;Não;39,9;10;35,91;Brasil;América do Sul;Feminino;35-44
274;05/11/2023;Novembro;T4;2023;Xbox Game Pass PC;Mensal;Sim;39,9;0;39,9;México;América do Norte;Masculino;25-34
275;13/10/2023;Outubro;T4;2023;Xbox Game Pass PC;Mensal;Sim;39,9;15;33,91;Colômbia;América do Sul;Masculino;18-24
276;06/03/2024;Março;T1;2024;Xbox Game Pass PC;Mensal;Sim;39,9;0;39,9;Peru;América do Sul;Masculino;18-24
277;17/09/2024;Setembro;T3;2024;Xbox Game Pass Ultimate;Mensal;Sim;54,9;15;46,66;Chile;América do Sul;Masculino;18-24
278;10/04/2023;Abril;T2;2023;Xbox Game Pass Core;Mensal;Sim;29,9;20;23,92;Argentina;América do Sul;Feminino;35-44
279;04/10/2023;Outubro;T4;2023;Xbox Game Pass Core;Trimestral;Não;79,9;10;71,91;Chile;América do Sul;Masculino;35-44
280;04/07/2023;Julho;T3;2023;Xbox Game Pass Ultimate;Trimestral;Sim;149,9;20;119,92;Peru;América do Sul;Masculino;25-34
281;28/08/2023;Agosto;T3;2023;Xbox Game Pass Ultimate;Anual;Sim;499,9;20;399,92;México;América do Norte;Feminino;45-54
282;20/03/2024;Março;T1;2024;Xbox Game Pass Core;Mensal;Sim;29,9;0;29,9;Argentina;América do Sul;Masculino;25-34
283;23/06/2023;Junho;T2;2023;Xbox Game Pass Core;Trimestral;Não;79,9;10;71,91;Peru;América do Sul;Feminino;18-24
284;09/01/2024;Janeiro;T1;2024;Xbox Game Pass Ultimate;Mensal;Não;54,9;0;54,9;Brasil;América do Sul;Masculino;18-24
285;05/08/2024;Agosto;T3;2024;Xbox Game Pass PC;Mensal;Sim;39,9;5;37,9;Brasil;América do Sul;Feminino;35-44
286;24/09/2024;Setembro;T3;2024;Xbox Game Pass Core;Anual;Sim;269,9;5;256,4;Brasil;América do Sul;Masculino;35-44
287;15/12/2023;Dezembro;T4;2023;Xbox Game Pass Ultimate;Trimestral;Não;149,9;20;119,92;Argentina;América do Sul;Masculino;25-34
288;09/08/2023;Agosto;T3;2023;Xbox Game Pass PC;Mensal;Sim;39,9;0;39,9;Argentina;América do Sul;Masculino;25-34
289;04/01/2023;Janeiro;T1;2023;Xbox Game Pass Ultimate;Anual;Sim;499,9;20;399,92;Brasil;América do Sul;Masculino;55+
290;23/04/2024;Abril;T2;2024;Xbox Game Pass Ultimate;Anual;Sim;499,9;20;399,92;Colômbia;América do Sul;Masculino;35-44
291;12/02/2024;Fevereiro;T1;2024;Xbox Game Pass Ultimate;Trimestral;Sim;149,9;15;127,42;Brasil;América do Sul;Feminino;18-24
292;04/12/2023;Dezembro;T4;2023;Xbox Game Pass Core;Mensal;Sim;29,9;0;29,9;Argentina;América do Sul;Masculino;18-24
293;28/02/2024;Fevereiro;T1;2024;Xbox Game Pass PC;Mensal;Sim;39,9;5;37,9;Brasil;América do Sul;Feminino;18-24
294;05/05/2024;Maio;T2;2024;Xbox Game Pass PC;Anual;Não;359,9;15;305,91;Peru;América do Sul;Masculino;25-34
295;21/10/2023;Outubro;T4;2023;Xbox Game Pass Core;Mensal;Sim;29,9;15;25,41;Brasil;América do Sul;Masculino;35-44
296;04/02/2023;Fevereiro;T1;2023;Xbox Game Pass Core;Mensal;Não;29,9;0;29,9;Peru;América do Sul;Masculino;18-24
297;03/11/2024;Novembro;T4;2024;Xbox Game Pass Core;Trimestral;Não;79,9;0;79,9;Chile;América do Sul;Feminino;45-54
298;17/04/2024;Abril;T2;2024;Xbox Game Pass Ultimate;Mensal;Sim;54,9;15;46,66;Brasil;América do Sul;Feminino;55+
299;04/07/2024;Julho;T3;2024;Xbox Game Pass Core;Trimestral;Sim;79,9;0;79,9;Peru;América do Sul;Feminino;18-24
300;18/06/2024;Junho;T2;2024;Xbox Game Pass Ultimate;Anual;Não;499,9;20;399,92;Brasil;América do Sul;Feminino;18-24
301;02/01/2023;Janeiro;T1;2023;Xbox Game Pass Ultimate;Mensal;Sim;54,9;15;46,66;Argentina;América do Sul;Masculino;35-44
302;18/11/2023;Novembro;T4;2023;Xbox Game Pass PC;Mensal;Sim;39,9;0;39,9;Argentina;América do Sul;Masculino;35-44
303;19/07/2024;Julho;T3;2024;Xbox Game Pass Ultimate;Anual;Sim;499,9;0;499,9;Brasil;América do Sul;Masculino;55+
304;08/01/2023;Janeiro;T1;2023;Xbox Game Pass Core;Mensal;Sim;29,9;10;26,91;Brasil;América do Sul;Feminino;35-44
305;01/02/2023;Fevereiro;T1;2023;Xbox Game Pass Ultimate;Trimestral;Sim;149,9;0;149,9;Argentina;América do Sul;Feminino;35-44
306;05/06/2023;Junho;T2;2023;Xbox Game Pass Ultimate;Anual;Não;499,9;0;499,9;Chile;América do Sul;Masculino;35-44
307;03/09/2024;Setembro;T3;2024;Xbox Game Pass Core;Anual;Sim;269,9;5;256,4;Argentina;América do Sul;Masculino;25-34
308;06/06/2023;Junho;T2;2023;Xbox Game Pass Core;Mensal;Sim;29,9;15;25,41;Brasil;América do Sul;Feminino;18-24
309;02/04/2023;Abril;T2;2023;Xbox Game Pass PC;Mensal;Sim;39,9;20;31,92;Brasil;América do Sul;Feminino;35-44
310;11/04/2024;Abril;T2;2024;Xbox Game Pass Core;Anual;Sim;269,9;20;215,92;Brasil;América do Sul;Masculino;25-34
311;08/03/2023;Março;T1;2023;Xbox Game Pass Ultimate;Anual;Não;499,9;0;499,9;Colômbia;América do Sul;Feminino;35-44
312;03/06/2024;Junho;T2;2024;Xbox Game Pass PC;Mensal;Sim;39,9;10;35,91;Chile;América do Sul;Feminino;18-24
313;16/10/2024;Outubro;T4;2024;Xbox Game Pass Ultimate;Anual;Não;499,9;10;449,91;Chile;América do Sul;Masculino;18-24
314;08/01/2024;Janeiro;T1;2024;Xbox Game Pass PC;Trimestral;Sim;109,9;0;109,9;Peru;América do Sul;Masculino;35-44
315;07/02/2024;Fevereiro;T1;2024;Xbox Game Pass PC;Mensal;Sim;39,9;0;39,9;Peru;América do Sul;Masculino;25-34
316;28/04/2023;Abril;T2;2023;Xbox Game Pass PC;Trimestral;Sim;109,9;15;93,42;Brasil;América do Sul;Masculino;18-24
317;19/02/2024;Fevereiro;T1;2024;Xbox Game Pass PC;Mensal;Não;39,9;0;39,9;Brasil;América do Sul;Feminino;45-54
318;27/12/2024;Dezembro;T4;2024;Xbox Game Pass Ultimate;Mensal;Sim;54,9;0;54,9;Colômbia;América do Sul;Masculino;35-44
319;04/03/2023;Março;T1;2023;Xbox Game Pass Core;Mensal;Sim;29,9;10;26,91;Brasil;América do Sul;Feminino;25-34
320;28/05/2024;Maio;T2;2024;Xbox Game Pass Core;Mensal;Sim;29,9;20;23,92;México;América do Norte;Feminino;18-24
321;03/03/2024;Março;T1;2024;Xbox Game Pass Ultimate;Anual;Sim;499,9;0;499,9;México;América do Norte;Masculino;55+
322;28/07/2023;Julho;T3;2023;Xbox Game Pass PC;Trimestral;Sim;109,9;5;104,41;Brasil;América do Sul;Feminino;18-24
323;05/04/2023;Abril;T2;2023;Xbox Game Pass Core;Mensal;Sim;29,9;15;25,41;Brasil;América do Sul;Feminino;45-54
324;03/01/2023;Janeiro;T1;2023;Xbox Game Pass Core;Trimestral;Não;79,9;0;79,9;Colômbia;América do Sul;Feminino;25-34
325;02/08/2023;Agosto;T3;2023;Xbox Game Pass Core;Trimestral;Não;79,9;5;75,91;Argentina;América do Sul;Masculino;25-34
326;06/04/2024;Abril;T2;2024;Xbox Game Pass Core;Mensal;Sim;29,9;10;26,91;México;América do Norte;Masculino;25-34
327;16/09/2024;Setembro;T3;2024;Xbox Game Pass Core;Mensal;Sim;29,9;0;29,9;México;América do Norte;Feminino;18-24
328;26/07/2023;Julho;T3;2023;Xbox Game Pass Ultimate;Mensal;Não;54,9;0;54,9;Colômbia;América do Sul;Masculino;25-34
329;11/01/2023;Janeiro;T1;2023;Xbox Game Pass PC;Mensal;Não;39,9;0;39,9;Brasil;América do Sul;Não Informado;25-34
330;04/03/2023;Março;T1;2023;Xbox Game Pass Core;Mensal;Sim;29,9;20;23,92;Colômbia;América do Sul;Masculino;55+
331;28/10/2023;Outubro;T4;2023;Xbox Game Pass Ultimate;Mensal;Não;54,9;20;43,92;Brasil;América do Sul;Masculino;25-34
332;01/10/2024;Outubro;T4;2024;Xbox Game Pass Ultimate;Mensal;Sim;54,9;0;54,9;Argentina;América do Sul;Masculino;55+
333;10/09/2024;Setembro;T3;2024;Xbox Game Pass Core;Mensal;Sim;29,9;10;26,91;Brasil;América do Sul;Masculino;18-24
334;11/03/2023;Março;T1;2023;Xbox Game Pass Ultimate;Anual;Não;499,9;0;499,9;Brasil;América do Sul;Masculino;35-44
335;28/02/2023;Fevereiro;T1;2023;Xbox Game Pass PC;Mensal;Sim;39,9;15;33,91;Colômbia;América do Sul;Masculino;18-24
336;05/06/2024;Junho;T2;2024;Xbox Game Pass Ultimate;Trimestral;Sim;149,9;15;127,42;Peru;América do Sul;Feminino;18-24
337;22/04/2024;Abril;T2;2024;Xbox Game Pass PC;Mensal;Sim;39,9;15;33,91;Brasil;América do Sul;Masculino;18-24
338;02/10/2024;Outubro;T4;2024;Xbox Game Pass Core;Mensal;Não;29,9;10;26,91;Brasil;América do Sul;Feminino;45-54
339;24/06/2023;Junho;T2;2023;Xbox Game Pass Core;Mensal;Sim;29,9;15;25,41;Colômbia;América do Sul;Masculino;35-44
340;01/08/2024;Agosto;T3;2024;Xbox Game Pass Core;Mensal;Sim;29,9;0;29,9;Chile;América do Sul;Feminino;18-24
341;14/12/2024;Dezembro;T4;2024;Xbox Game Pass Ultimate;Anual;Sim;499,9;5;474,9;Brasil;América do Sul;Masculino;45-54
342;15/03/2023;Março;T1;2023;Xbox Game Pass Core;Anual;Sim;269,9;0;269,9;Brasil;América do Sul;Masculino;25-34
343;24/03/2024;Março;T1;2024;Xbox Game Pass Core;Anual;Não;269,9;0;269,9;Argentina;América do Sul;Feminino;25-34
344;21/07/2023;Julho;T3;2023;Xbox Game Pass Core;Anual;Sim;269,9;0;269,9;Brasil;América do Sul;Não Informado;25-34
345;10/11/2024;Novembro;T4;2024;Xbox Game Pass Core;Mensal;Sim;29,9;10;26,91;Chile;América do Sul;Masculino;25-34
346;10/02/2024;Fevereiro;T1;2024;Xbox Game Pass Ultimate;Trimestral;Sim;149,9;0;149,9;Brasil;América do Sul;Masculino;25-34
347;28/08/2023;Agosto;T3;2023;Xbox Game Pass Core;Anual;Sim;269,9;15;229,41;Brasil;América do Sul;Feminino;25-34
348;12/07/2024;Julho;T3;2024;Xbox Game Pass Core;Mensal;Sim;29,9;0;29,9;Brasil;América do Sul;Masculino;18-24
349;22/02/2023;Fevereiro;T1;2023;Xbox Game Pass PC;Trimestral;Não;109,9;10;98,91;Brasil;América do Sul;Masculino;25-34
350;22/09/2024;Setembro;T3;2024;Xbox Game Pass Ultimate;Mensal;Não;54,9;5;52,15;Brasil;América do Sul;Masculino;45-54
351;19/09/2023;Setembro;T3;2023;Xbox Game Pass Ultimate;Anual;Sim;499,9;10;449,91;Brasil;América do Sul;Feminino;25-34
352;26/04/2023;Abril;T2;2023;Xbox Game Pass Core;Mensal;Sim;29,9;15;25,41;Brasil;América do Sul;Não Informado;35-44
353;24/06/2024;Junho;T2;2024;Xbox Game Pass Ultimate;Mensal;Sim;54,9;5;52,15;Argentina;América do Sul;Feminino;25-34
354;20/12/2023;Dezembro;T4;2023;Xbox Game Pass PC;Anual;Sim;359,9;0;359,9;Brasil;América do Sul;Feminino;35-44
355;19/02/2023;Fevereiro;T1;2023;Xbox Game Pass Ultimate;Anual;Não;499,9;0;499,9;Colômbia;América do Sul;Masculino;35-44
356;06/01/2024;Janeiro;T1;2024;Xbox Game Pass Core;Mensal;Sim;29,9;15;25,41;Brasil;América do Sul;Masculino;45-54
357;24/01/2023;Janeiro;T1;2023;Xbox Game Pass PC;Mensal;Sim;39,9;0;39,9;Chile;América do Sul;Masculino;25-34
358;22/12/2024;Dezembro;T4;2024;Xbox Game Pass Core;Anual;Sim;269,9;15;229,41;Brasil;América do Sul;Feminino;25-34
359;21/10/2024;Outubro;T4;2024;Xbox Game Pass Core;Mensal;Não;29,9;5;28,4;México;América do Norte;Feminino;45-54
360;26/09/2023;Setembro;T3;2023;Xbox Game Pass Core;Mensal;Sim;29,9;0;29,9;Chile;América do Sul;Masculino;25-34
361;27/04/2023;Abril;T2;2023;Xbox Game Pass Core;Mensal;Sim;29,9;0;29,9;Colômbia;América do Sul;Feminino;25-34
362;13/09/2024;Setembro;T3;2024;Xbox Game Pass Ultimate;Mensal;Sim;54,9;0;54,9;Argentina;América do Sul;Masculino;55+
363;18/10/2024;Outubro;T4;2024;Xbox Game Pass PC;Mensal;Não;39,9;15;33,91;Chile;América do Sul;Masculino;18-24
364;28/03/2023;Março;T1;2023;Xbox Game Pass PC;Anual;Não;359,9;15;305,91;Brasil;América do Sul;Masculino;35-44
365;01/11/2023;Novembro;T4;2023;Xbox Game Pass PC;Mensal;Sim;39,9;20;31,92;Brasil;América do Sul;Masculino;35-44
366;23/12/2024;Dezembro;T4;2024;Xbox Game Pass Ultimate;Mensal;Sim;54,9;0;54,9;Argentina;América do Sul;Masculino;25-34
367;04/10/2024;Outubro;T4;2024;Xbox Game Pass Core;Anual;Não;269,9;20;215,92;Brasil;América do Sul;Feminino;35-44
368;04/11/2024;Novembro;T4;2024;Xbox Game Pass PC;Mensal;Sim;39,9;0;39,9;Colômbia;América do Sul;Masculino;35-44
369;05/04/2024;Abril;T2;2024;Xbox Game Pass PC;Mensal;Sim;39,9;20;31,92;Chile;América do Sul;Feminino;35-44
370;01/12/2023;Dezembro;T4;2023;Xbox Game Pass Ultimate;Anual;Sim;499,9;5;474,9;Brasil;América do Sul;Feminino;25-34
371;24/06/2023;Junho;T2;2023;Xbox Game Pass Ultimate;Trimestral;Sim;149,9;5;142,41;Colômbia;América do Sul;Feminino;25-34
372;18/11/2023;Novembro;T4;2023;Xbox Game Pass Core;Mensal;Sim;29,9;0;29,9;México;América do Norte;Feminino;45-54
373;03/11/2024;Novembro;T4;2024;Xbox Game Pass Core;Mensal;Não;29,9;5;28,4;Chile;América do Sul;Masculino;25-34
374;28/08/2024;Agosto;T3;2024;Xbox Game Pass Core;Mensal;Sim;29,9;10;26,91;Colômbia;América do Sul;Masculino;45-54
375;13/11/2023;Novembro;T4;2023;Xbox Game Pass PC;Mensal;Não;39,9;0;39,9;Brasil;América do Sul;Masculino;25-34
376;11/03/2024;Março;T1;2024;Xbox Game Pass Ultimate;Mensal;Sim;54,9;0;54,9;México;América do Norte;Masculino;35-44
377;09/08/2023;Agosto;T3;2023;Xbox Game Pass Core;Anual;Sim;269,9;0;269,9;Argentina;América do Sul;Feminino;18-24
378;14/11/2024;Novembro;T4;2024;Xbox Game Pass PC;Anual;Sim;359,9;0;359,9;Argentina;América do Sul;Feminino;55+
379;07/09/2024;Setembro;T3;2024;Xbox Game Pass Core;Mensal;Não;29,9;0;29,9;México;América do Norte;Masculino;18-24
380;19/09/2024;Setembro;T3;2024;Xbox Game Pass PC;Mensal;Sim;39,9;0;39,9;Argentina;América do Sul;Masculino;25-34
381;05/11/2024;Novembro;T4;2024;Xbox Game Pass PC;Anual;Sim;359,9;0;359,9;Brasil;América do Sul;Feminino;35-44
382;08/04/2023;Abril;T2;2023;Xbox Game Pass Ultimate;Mensal;Não;54,9;10;49,41;Argentina;América do Sul;Masculino;35-44
383;21/07/2023;Julho;T3;2023;Xbox Game Pass Core;Trimestral;Sim;79,9;0;79,9;México;América do Norte;Feminino;18-24
384;15/07/2023;Julho;T3;2023;Xbox Game Pass PC;Trimestral;Sim;109,9;0;109,9;Brasil;América do Sul;Feminino;18-24
385;04/11/2024;Novembro;T4;2024;Xbox Game Pass Ultimate;Mensal;Sim;54,9;0;54,9;Brasil;América do Sul;Feminino;25-34
386;04/05/2023;Maio;T2;2023;Xbox Game Pass Ultimate;Mensal;Sim;54,9;20;43,92;Brasil;América do Sul;Masculino;18-24
387;06/05/2024;Maio;T2;2024;Xbox Game Pass Core;Mensal;Sim;29,9;5;28,4;Brasil;América do Sul;Masculino;35-44
388;22/10/2023;Outubro;T4;2023;Xbox Game Pass PC;Anual;Não;359,9;0;359,9;México;América do Norte;Masculino;25-34
389;10/08/2023;Agosto;T3;2023;Xbox Game Pass Core;Mensal;Não;29,9;20;23,92;Brasil;América do Sul;Masculino;35-44
390;24/07/2024;Julho;T3;2024;Xbox Game Pass Core;Anual;Não;269,9;0;269,9;Colômbia;América do Sul;Feminino;18-24
391;20/08/2024;Agosto;T3;2024;Xbox Game Pass Core;Trimestral;Sim;79,9;0;79,9;Brasil;América do Sul;Masculino;55+
392;23/07/2024;Julho;T3;2024;Xbox Game Pass Ultimate;Anual;Sim;499,9;20;399,92;Brasil;América do Sul;Masculino;35-44
393;14/02/2023;Fevereiro;T1;2023;Xbox Game Pass Ultimate;Mensal;Sim;54,9;5;52,15;Brasil;América do Sul;Masculino;25-34
394;27/11/2023;Novembro;T4;2023;Xbox Game Pass Ultimate;Anual;Sim;499,9;5;474,9;Brasil;América do Sul;Masculino;18-24
395;11/11/2024;Novembro;T4;2024;Xbox Game Pass Core;Anual;Sim;269,9;15;229,41;Argentina;América do Sul;Feminino;55+
396;17/09/2024;Setembro;T3;2024;Xbox Game Pass Ultimate;Trimestral;Sim;149,9;15;127,42;Brasil;América do Sul;Masculino;35-44
397;27/03/2024;Março;T1;2024;Xbox Game Pass Ultimate;Anual;Sim;499,9;0;499,9;México;América do Norte;Masculino;45-54
398;03/03/2024;Março;T1;2024;Xbox Game Pass Ultimate;Mensal;Sim;54,9;0;54,9;Brasil;América do Sul;Masculino;35-44
399;03/04/2024;Abril;T2;2024;Xbox Game Pass PC;Anual;Sim;359,9;20;287,92;Argentina;América do Sul;Masculino;55+
400;13/02/2023;Fevereiro;T1;2023;Xbox Game Pass PC;Trimestral;Sim;109,9;0;109,9;Chile;América do Sul;Não Informado;35-44
401;22/11/2023;Novembro;T4;2023;Xbox Game Pass PC;Mensal;Não;39,9;20;31,92;Brasil;América do Sul;Masculino;25-34
402;22/12/2024;Dezembro;T4;2024;Xbox Game Pass PC;Mensal;Sim;39,9;15;33,91;Brasil;América do Sul;Masculino;45-54
403;17/09/2024;Setembro;T3;2024;Xbox Game Pass PC;Mensal;Não;39,9;5;37,9;Brasil;América do Sul;Feminino;35-44
404;20/05/2023;Maio;T2;2023;Xbox Game Pass Core;Mensal;Não;29,9;0;29,9;Argentina;América do Sul;Feminino;35-44
405;02/07/2023;Julho;T3;2023;Xbox Game Pass Ultimate;Anual;Sim;499,9;20;399,92;Colômbia;América do Sul;Masculino;25-34
406;01/08/2023;Agosto;T3;2023;Xbox Game Pass PC;Mensal;Não;39,9;20;31,92;Argentina;América do Sul;Feminino;35-44
407;19/12/2023;Dezembro;T4;2023;Xbox Game Pass Core;Anual;Sim;269,9;15;229,41;México;América do Norte;Feminino;25-34
408;20/07/2024;Julho;T3;2024;Xbox Game Pass Ultimate;Anual;Sim;499,9;0;499,9;Peru;América do Sul;Masculino;18-24
409;23/10/2024;Outubro;T4;2024;Xbox Game Pass Ultimate;Trimestral;Não;149,9;10;134,91;Colômbia;América do Sul;Feminino;45-54
410;07/04/2023;Abril;T2;2023;Xbox Game Pass Ultimate;Mensal;Sim;54,9;15;46,66;Brasil;América do Sul;Feminino;55+
411;18/09/2023;Setembro;T3;2023;Xbox Game Pass Ultimate;Mensal;Sim;54,9;0;54,9;Argentina;América do Sul;Feminino;55+
412;24/11/2024;Novembro;T4;2024;Xbox Game Pass Ultimate;Trimestral;Não;149,9;5;142,41;Chile;América do Sul;Masculino;18-24
413;22/01/2023;Janeiro;T1;2023;Xbox Game Pass Core;Mensal;Não;29,9;0;29,9;México;América do Norte;Masculino;18-24
414;25/04/2024;Abril;T2;2024;Xbox Game Pass PC;Mensal;Sim;39,9;10;35,91;Colômbia;América do Sul;Feminino;45-54
415;17/04/2024;Abril;T2;2024;Xbox Game Pass Ultimate;Anual;Sim;499,9;15;424,91;Brasil;América do Sul;Masculino;25-34
416;02/09/2024;Setembro;T3;2024;Xbox Game Pass Core;Mensal;Sim;29,9;20;23,92;Colômbia;América do Sul;Masculino;18-24
417;18/10/2024;Outubro;T4;2024;Xbox Game Pass Ultimate;Mensal;Não;54,9;0;54,9;Brasil;América do Sul;Masculino;35-44
418;24/03/2023;Março;T1;2023;Xbox Game Pass PC;Mensal;Sim;39,9;10;35,91;Brasil;América do Sul;Masculino;45-54
419;15/06/2023;Junho;T2;2023;Xbox Game Pass Ultimate;Mensal;Sim;54,9;0;54,9;Argentina;América do Sul;Feminino;35-44
420;26/08/2024;Agosto;T3;2024;Xbox Game Pass PC;Mensal;Não;39,9;0;39,9;Argentina;América do Sul;Não Informado;25-34
421;18/07/2023;Julho;T3;2023;Xbox Game Pass PC;Mensal;Sim;39,9;0;39,9;México;América do Norte;Masculino;25-34
422;27/09/2024;Setembro;T3;2024;Xbox Game Pass Ultimate;Trimestral;Sim;149,9;0;149,9;Brasil;América do Sul;Feminino;35-44
423;22/01/2023;Janeiro;T1;2023;Xbox Game Pass Ultimate;Mensal;Não;54,9;0;54,9;Brasil;América do Sul;Masculino;25-34
424;26/09/2024;Setembro;T3;2024;Xbox Game Pass PC;Mensal;Sim;39,9;15;33,91;Brasil;América do Sul;Masculino;55+
425;18/09/2023;Setembro;T3;2023;Xbox Game Pass Core;Mensal;Sim;29,9;20;23,92;Brasil;América do Sul;Feminino;45-54
426;27/09/2023;Setembro;T3;2023;Xbox Game Pass Ultimate;Anual;Não;499,9;15;424,91;Chile;América do Sul;Masculino;35-44
427;23/08/2023;Agosto;T3;2023;Xbox Game Pass PC;Mensal;Sim;39,9;20;31,92;Brasil;América do Sul;Masculino;45-54
428;13/07/2024;Julho;T3;2024;Xbox Game Pass PC;Mensal;Sim;39,9;5;37,9;México;América do Norte;Masculino;35-44
429;19/12/2023;Dezembro;T4;2023;Xbox Game Pass Core;Anual;Sim;269,9;10;242,91;Brasil;América do Sul;Feminino;25-34
430;25/05/2023;Maio;T2;2023;Xbox Game Pass Ultimate;Mensal;Não;54,9;0;54,9;Argentina;América do Sul;Masculino;18-24
431;10/09/2024;Setembro;T3;2024;Xbox Game Pass Ultimate;Mensal;Sim;54,9;20;43,92;Colômbia;América do Sul;Feminino;55+
432;28/09/2023;Setembro;T3;2023;Xbox Game Pass PC;Mensal;Sim;39,9;10;35,91;Brasil;América do Sul;Masculino;18-24
433;24/12/2023;Dezembro;T4;2023;Xbox Game Pass Ultimate;Mensal;Sim;54,9;15;46,66;Colômbia;América do Sul;Masculino;18-24
434;04/04/2024;Abril;T2;2024;Xbox Game Pass Core;Anual;Não;269,9;20;215,92;Chile;América do Sul;Não Informado;25-34
435;22/05/2023;Maio;T2;2023;Xbox Game Pass Core;Mensal;Não;29,9;5;28,4;Peru;América do Sul;Masculino;35-44
436;10/02/2023;Fevereiro;T1;2023;Xbox Game Pass Ultimate;Anual;Sim;499,9;5;474,9;Brasil;América do Sul;Feminino;35-44
437;19/10/2023;Outubro;T4;2023;Xbox Game Pass PC;Mensal;Sim;39,9;0;39,9;Brasil;América do Sul;Feminino;35-44
438;27/05/2024;Maio;T2;2024;Xbox Game Pass PC;Trimestral;Sim;109,9;5;104,41;Argentina;América do Sul;Masculino;25-34
439;21/03/2023;Março;T1;2023;Xbox Game Pass Ultimate;Anual;Não;499,9;0;499,9;Colômbia;América do Sul;Masculino;35-44
440;03/12/2023;Dezembro;T4;2023;Xbox Game Pass Ultimate;Anual;Sim;499,9;20;399,92;Argentina;América do Sul;Masculino;25-34
441;09/09/2023;Setembro;T3;2023;Xbox Game Pass PC;Anual;Sim;359,9;20;287,92;Brasil;América do Sul;Masculino;45-54
442;15/03/2024;Março;T1;2024;Xbox Game Pass PC;Mensal;Sim;39,9;0;39,9;México;América do Norte;Feminino;35-44
443;05/09/2023;Setembro;T3;2023;Xbox Game Pass PC;Mensal;Não;39,9;15;33,91;Colômbia;América do Sul;Masculino;35-44
444;08/01/2024;Janeiro;T1;2024;Xbox Game Pass Ultimate;Mensal;Sim;54,9;0;54,9;Brasil;América do Sul;Masculino;45-54
445;16/07/2024;Julho;T3;2024;Xbox Game Pass Ultimate;Anual;Sim;499,9;15;424,91;Brasil;América do Sul;Feminino;25-34
446;09/12/2024;Dezembro;T4;2024;Xbox Game Pass PC;Trimestral;Sim;109,9;5;104,41;Brasil;América do Sul;Feminino;45-54
447;08/07/2024;Julho;T3;2024;Xbox Game Pass PC;Mensal;Não;39,9;5;37,9;Chile;América do Sul;Feminino;18-24
448;06/08/2023;Agosto;T3;2023;Xbox Game Pass Core;Trimestral;Sim;79,9;0;79,9;Brasil;América do Sul;Masculino;35-44
449;08/11/2023;Novembro;T4;2023;Xbox Game Pass PC;Mensal;Sim;39,9;15;33,91;Argentina;América do Sul;Masculino;18-24
450;08/01/2024;Janeiro;T1;2024;Xbox Game Pass Core;Trimestral;Sim;79,9;15;67,92;Argentina;América do Sul;Feminino;18-24
451;06/05/2023;Maio;T2;2023;Xbox Game Pass PC;Mensal;Não;39,9;15;33,91;Brasil;América do Sul;Feminino;35-44
452;07/02/2024;Fevereiro;T1;2024;Xbox Game Pass PC;Anual;Não;359,9;0;359,9;Brasil;América do Sul;Masculino;18-24
453;22/10/2023;Outubro;T4;2023;Xbox Game Pass PC;Mensal;Sim;39,9;5;37,9;Argentina;América do Sul;Masculino;25-34
454;01/02/2023;Fevereiro;T1;2023;Xbox Game Pass Core;Anual;Sim;269,9;5;256,4;Chile;América do Sul;Feminino;18-24
455;17/09/2023;Setembro;T3;2023;Xbox Game Pass Ultimate;Mensal;Sim;54,9;10;49,41;Argentina;América do Sul;Masculino;45-54
456;14/09/2024;Setembro;T3;2024;Xbox Game Pass PC;Mensal;Sim;39,9;0;39,9;Colômbia;América do Sul;Masculino;35-44
457;26/10/2024;Outubro;T4;2024;Xbox Game Pass Ultimate;Anual;Sim;499,9;0;499,9;Brasil;América do Sul;Masculino;35-44
458;20/05/2023;Maio;T2;2023;Xbox Game Pass Ultimate;Mensal;Sim;54,9;15;46,66;México;América do Norte;Masculino;25-34
459;21/07/2023;Julho;T3;2023;Xbox Game Pass Core;Anual;Sim;269,9;0;269,9;Brasil;América do Sul;Feminino;25-34
460;12/10/2024;Outubro;T4;2024;Xbox Game Pass Ultimate;Anual;Sim;499,9;0;499,9;Brasil;América do Sul;Feminino;25-34
461;18/09/2024;Setembro;T3;2024;Xbox Game Pass PC;Anual;Sim;359,9;20;287,92;México;América do Norte;Feminino;45-54
462;08/12/2023;Dezembro;T4;2023;Xbox Game Pass PC;Trimestral;Sim;109,9;0;109,9;Argentina;América do Sul;Feminino;35-44
463;13/03/2023;Março;T1;2023;Xbox Game Pass Ultimate;Mensal;Sim;54,9;0;54,9;Argentina;América do Sul;Feminino;18-24
464;12/04/2024;Abril;T2;2024;Xbox Game Pass Core;Mensal;Sim;29,9;5;28,4;México;América do Norte;Masculino;35-44
465;21/03/2023;Março;T1;2023;Xbox Game Pass PC;Mensal;Não;39,9;20;31,92;Argentina;América do Sul;Masculino;35-44
466;06/10/2023;Outubro;T4;2023;Xbox Game Pass Ultimate;Mensal;Sim;54,9;0;54,9;Brasil;América do Sul;Masculino;25-34
467;19/07/2024;Julho;T3;2024;Xbox Game Pass Core;Mensal;Não;29,9;0;29,9;Argentina;América do Sul;Feminino;25-34
468;27/06/2024;Junho;T2;2024;Xbox Game Pass Core;Trimestral;Sim;79,9;5;75,91;Argentina;América do Sul;Masculino;25-34
469;03/09/2023;Setembro;T3;2023;Xbox Game Pass PC;Mensal;Sim;39,9;10;35,91;Peru;América do Sul;Feminino;35-44
470;15/12/2024;Dezembro;T4;2024;Xbox Game Pass Ultimate;Trimestral;Não;149,9;20;119,92;Brasil;América do Sul;Feminino;35-44
471;04/08/2023;Agosto;T3;2023;Xbox Game Pass Core;Mensal;Não;29,9;0;29,9;México;América do Norte;Masculino;25-34
472;18/09/2024;Setembro;T3;2024;Xbox Game Pass Core;Anual;Sim;269,9;0;269,9;Brasil;América do Sul;Feminino;25-34
473;11/08/2023;Agosto;T3;2023;Xbox Game Pass PC;Anual;Sim;359,9;15;305,91;México;América do Norte;Feminino;25-34
474;24/04/2023;Abril;T2;2023;Xbox Game Pass Core;Mensal;Sim;29,9;20;23,92;Brasil;América do Sul;Feminino;18-24
475;03/02/2023;Fevereiro;T1;2023;Xbox Game Pass Ultimate;Trimestral;Sim;149,9;20;119,92;Colômbia;América do Sul;Não Informado;45-54
476;11/10/2024;Outubro;T4;2024;Xbox Game Pass PC;Anual;Não;359,9;20;287,92;Brasil;América do Sul;Masculino;35-44
477;08/07/2024;Julho;T3;2024;Xbox Game Pass Ultimate;Mensal;Sim;54,9;5;52,15;Argentina;América do Sul;Masculino;25-34
478;25/11/2024;Novembro;T4;2024;Xbox Game Pass Core;Anual;Sim;269,9;5;256,4;Brasil;América do Sul;Masculino;35-44
479;04/10/2024;Outubro;T4;2024;Xbox Game Pass PC;Trimestral;Sim;109,9;10;98,91;Brasil;América do Sul;Masculino;55+
480;06/06/2024;Junho;T2;2024;Xbox Game Pass PC;Mensal;Não;39,9;0;39,9;Brasil;América do Sul;Masculino;25-34
481;22/10/2023;Outubro;T4;2023;Xbox Game Pass Core;Mensal;Sim;29,9;0;29,9;Argentina;América do Sul;Feminino;18-24
482;26/08/2023;Agosto;T3;2023;Xbox Game Pass Core;Mensal;Sim;29,9;20;23,92;México;América do Norte;Masculino;25-34
483;09/05/2024;Maio;T2;2024;Xbox Game Pass PC;Trimestral;Sim;109,9;15;93,42;Brasil;América do Sul;Masculino;25-34
484;24/08/2023;Agosto;T3;2023;Xbox Game Pass PC;Mensal;Sim;39,9;20;31,92;Brasil;América do Sul;Masculino;18-24
485;19/10/2023;Outubro;T4;2023;Xbox Game Pass Ultimate;Trimestral;Não;149,9;0;149,9;Brasil;América do Sul;Feminino;25-34
486;13/02/2024;Fevereiro;T1;2024;Xbox Game Pass Ultimate;Mensal;Não;54,9;20;43,92;Brasil;América do Sul;Feminino;25-34
487;03/02/2024;Fevereiro;T1;2024;Xbox Game Pass Core;Mensal;Sim;29,9;0;29,9;México;América do Norte;Feminino;25-34
488;24/06/2024;Junho;T2;2024;Xbox Game Pass PC;Anual;Sim;359,9;0;359,9;Colômbia;América do Sul;Masculino;18-24
489;23/12/2024;Dezembro;T4;2024;Xbox Game Pass Ultimate;Mensal;Sim;54,9;0;54,9;Brasil;América do Sul;Feminino;25-34
490;17/07/2023;Julho;T3;2023;Xbox Game Pass Ultimate;Mensal;Sim;54,9;0;54,9;Brasil;América do Sul;Feminino;25-34
491;24/04/2023;Abril;T2;2023;Xbox Game Pass Core;Trimestral;Sim;79,9;20;63,92;Brasil;América do Sul;Masculino;25-34
492;15/08/2024;Agosto;T3;2024;Xbox Game Pass Ultimate;Trimestral;Sim;149,9;5;142,41;Brasil;América do Sul;Feminino;25-34
493;24/11/2024;Novembro;T4;2024;Xbox Game Pass Ultimate;Trimestral;Sim;149,9;15;127,42;Argentina;América do Sul;Feminino;25-34
494;15/02/2023;Fevereiro;T1;2023;Xbox Game Pass PC;Mensal;Sim;39,9;0;39,9;Brasil;América do Sul;Feminino;45-54
495;16/05/2024;Maio;T2;2024;Xbox Game Pass PC;Trimestral;Sim;109,9;20;87,92;Argentina;América do Sul;Masculino;25-34
496;08/10/2024;Outubro;T4;2024;Xbox Game Pass Ultimate;Trimestral;Sim;149,9;10;134,91;Brasil;América do Sul;Masculino;35-44
497;08/07/2024;Julho;T3;2024;Xbox Game Pass Core;Mensal;Sim;29,9;20;23,92;Chile;América do Sul;Feminino;35-44
498;21/05/2024;Maio;T2;2024;Xbox Game Pass Ultimate;Anual;Sim;499,9;20;399,92;Brasil;América do Sul;Masculino;18-24
499;15/10/2024;Outubro;T4;2024;Xbox Game Pass Core;Trimestral;Sim;79,9;0;79,9;Brasil;América do Sul;Não Informado;18-24
500;09/05/2023;Maio;T2;2023;Xbox Game Pass Core;Mensal;Sim;29,9;0;29,9;Brasil;América do Sul;Masculino;25-34
